brand	alias
Dry Riesling	Барон Филипп де Ротшильд Бордо Розе
Max's Garden	Нипоццано Кьянти Руфина Ризерва
Schrader	Нипоццано
LPV	Кьянти
Cabernet	Руфина
Sauvignon	Ризерва
Schrader LPV Cabernet Sauvignon	Нипоццано Кьянти Руфина Ризерва
Gevrey-Chambertin Premier Cru Clos-St Jacques	Шассань-Монраше Премье Крю Моржо Марки де Лягиш
Estate Chardonnay	Шассань-Монраше Премье Крю Моржо Марки де Лягиш
Beaune	Шассань-Монраше
Premier	Премье
Cru	Крю
Clos	Моржо
des	Марки
Rouge	Лягиш
Beaune Premier Cru Clos des Mouches Rouge	Шассань-Монраше Премье Крю Моржо Марки де Лягиш
Single de Samalens Years Old	Фонтегайа Неро Д'Авола
Volley Blue cmx cmx cm	Додичи Монтереджо Ризерва
Sauvignon Blanc	Додичи Монтереджо Ризерва
Prunella	Прунелла
Mandorlata	Мандорлата
Prunella Mandorlata	Прунелла Мандорлата
Dry Riesling	Барон Филипп де Ротшильд Бордо Розе
Max's Garden	Нипоццано Кьянти Руфина Ризерва
Schrader	Нипоццано
LPV	Кьянти
Cabernet	Руфина
Sauvignon	Ризерва
Schrader LPV Cabernet Sauvignon	Нипоццано Кьянти Руфина Ризерва
Gevrey-Chambertin Premier Cru Clos-St Jacques	Шассань-Монраше Премье Крю Моржо Марки де Лягиш
Estate Chardonnay	Шассань-Монраше Премье Крю Моржо Марки де Лягиш
Beaune	Шассань-Монраше
Premier	Премье
Cru	Крю
Clos	Моржо
des	Марки
Rouge	Лягиш
Beaune Premier Cru Clos des Mouches Rouge	Шассань-Монраше Премье Крю Моржо Марки де Лягиш
Single de Samalens Years Old	Фонтегайа Неро Д'Авола
Volley Blue cmx cmx cm	Додичи Монтереджо Ризерва
Sauvignon Blanc	Додичи Монтереджо Ризерва
Prunella	Прунелла
Mandorlata	Мандорлата
Prunella Mandorlata	Прунелла Мандорлата
Penfolds	Пенфолдс
Bin	Бин
Cabernet	Каберне
Shiraz	Шираз
Penfolds Bin Cabernet Shiraz	Пенфолдс Бин Каберне Шираз
Dry Riesling	Барон Филипп де Ротшильд Бордо Розе
Max's Garden	Нипоццано Кьянти Руфина Ризерва
Schrader	Нипоццано
LPV	Кьянти
Cabernet	Руфина
Sauvignon	Ризерва
Schrader LPV Cabernet Sauvignon	Нипоццано Кьянти Руфина Ризерва
Gevrey-Chambertin Premier Cru Clos-St Jacques	Шассань-Монраше Премье Крю Моржо Марки де Лягиш
Estate Chardonnay	Шассань-Монраше Премье Крю Моржо Марки де Лягиш
Beaune	Шассань-Монраше
Premier	Премье
Cru	Крю
Clos	Моржо
des	Марки
Rouge	Лягиш
Beaune Premier Cru Clos des Mouches Rouge	Шассань-Монраше Премье Крю Моржо Марки де Лягиш
Single de Samalens Years Old	Фонтегайа Неро Д'Авола
Volley Blue cmx cmx cm	Додичи Монтереджо Ризерва
Sauvignon Blanc	Додичи Монтереджо Ризерва
Prunella	Прунелла
Mandorlata	Мандорлата
Prunella Mandorlata	Прунелла Мандорлата
Penfolds	Пенфолдс
Bin	Бин
Cabernet	Каберне
Shiraz	Шираз
Penfolds Bin Cabernet Shiraz	Пенфолдс Бин Каберне Шираз
Graham's	Грэм'с
Six	Сикс
Grapes	Грейпс
Reserve	Резерв
Port	Порт
Graham's Six Grapes Reserve Port	Грэм'с Сикс Грейпс Резерв Порт
Dry Riesling	Барон Филипп де Ротшильд Бордо Розе
Max's Garden	Нипоццано Кьянти Руфина Ризерва
Schrader	Нипоццано
LPV	Кьянти
Cabernet	Руфина
Sauvignon	Ризерва
Schrader LPV Cabernet Sauvignon	Нипоццано Кьянти Руфина Ризерва
Gevrey-Chambertin Premier Cru Clos-St Jacques	Шассань-Монраше Премье Крю Моржо Марки де Лягиш
Estate Chardonnay	Шассань-Монраше Премье Крю Моржо Марки де Лягиш
Beaune	Шассань-Монраше
Premier	Премье
Cru	Крю
Clos	Моржо
des	Марки
Rouge	Лягиш
Beaune Premier Cru Clos des Mouches Rouge	Шассань-Монраше Премье Крю Моржо Марки де Лягиш
Single de Samalens Years Old	Фонтегайа Неро Д'Авола
Volley Blue cmx cmx cm	Додичи Монтереджо Ризерва
Sauvignon Blanc	Додичи Монтереджо Ризерва
Prunella	Прунелла
Mandorlata	Мандорлата
Prunella Mandorlata	Прунелла Мандорлата
Penfolds	Пенфолдс
Bin	Бин
Cabernet	Каберне
Shiraz	Шираз
Penfolds Bin Cabernet Shiraz	Пенфолдс Бин Каберне Шираз
Graham's	Грэм'с
Six	Сикс
Grapes	Грейпс
Reserve	Резерв
Port	Порт
Graham's Six Grapes Reserve Port	Грэм'с Сикс Грейпс Резерв Порт
Oloroso	Олоросо
Solera	Солера
Oloroso Solera	Олоросо Солера
Dry Riesling	Барон Филипп де Ротшильд Бордо Розе
Max's Garden	Нипоццано Кьянти Руфина Ризерва
Schrader	Нипоццано
LPV	Кьянти
Cabernet	Руфина
Sauvignon	Ризерва
Schrader LPV Cabernet Sauvignon	Нипоццано Кьянти Руфина Ризерва
Gevrey-Chambertin Premier Cru Clos-St Jacques	Шассань-Монраше Премье Крю Моржо Марки де Лягиш
Estate Chardonnay	Шассань-Монраше Премье Крю Моржо Марки де Лягиш
Beaune	Шассань-Монраше
Premier	Премье
Cru	Крю
Clos	Моржо
des	Марки
Rouge	Лягиш
Beaune Premier Cru Clos des Mouches Rouge	Шассань-Монраше Премье Крю Моржо Марки де Лягиш
Single de Samalens Years Old	Фонтегайа Неро Д'Авола
Volley Blue cmx cmx cm	Додичи Монтереджо Ризерва
Sauvignon Blanc	Додичи Монтереджо Ризерва
Prunella	Прунелла
Mandorlata	Мандорлата
Prunella Mandorlata	Прунелла Мандорлата
Penfolds	Пенфолдс
Bin	Бин
Cabernet	Каберне
Shiraz	Шираз
Penfolds Bin Cabernet Shiraz	Пенфолдс Бин Каберне Шираз
Graham's	Грэм'с
Six	Сикс
Grapes	Грейпс
Reserve	Резерв
Port	Порт
Graham's Six Grapes Reserve Port	Грэм'с Сикс Грейпс Резерв Порт
Oloroso	Олоросо
Solera	Солера
Oloroso Solera	Олоросо Солера
Warre`s	Уорр`с
Fine	Файн
White	Уайт
Port	Порт
Warre`s Fine White Port	Уорр`с Файн Уайт Порт
Dry Riesling	Барон Филипп де Ротшильд Бордо Розе
Max's Garden	Нипоццано Кьянти Руфина Ризерва
Schrader	Нипоццано
LPV	Кьянти
Cabernet	Руфина
Sauvignon	Ризерва
Schrader LPV Cabernet Sauvignon	Нипоццано Кьянти Руфина Ризерва
Gevrey-Chambertin Premier Cru Clos-St Jacques	Шассань-Монраше Премье Крю Моржо Марки де Лягиш
Estate Chardonnay	Шассань-Монраше Премье Крю Моржо Марки де Лягиш
Beaune	Шассань-Монраше
Premier	Премье
Cru	Крю
Clos	Моржо
des	Марки
Rouge	Лягиш
Beaune Premier Cru Clos des Mouches Rouge	Шассань-Монраше Премье Крю Моржо Марки де Лягиш
Single de Samalens Years Old	Фонтегайа Неро Д'Авола
Volley Blue cmx cmx cm	Додичи Монтереджо Ризерва
Sauvignon Blanc	Додичи Монтереджо Ризерва
Prunella	Прунелла
Mandorlata	Мандорлата
Prunella Mandorlata	Прунелла Мандорлата
Penfolds	Пенфолдс
Bin	Бин
Cabernet	Каберне
Shiraz	Шираз
Penfolds Bin Cabernet Shiraz	Пенфолдс Бин Каберне Шираз
Graham's	Грэм'с
Six	Сикс
Grapes	Грейпс
Reserve	Резерв
Port	Порт
Graham's Six Grapes Reserve Port	Грэм'с Сикс Грейпс Резерв Порт
Oloroso	Олоросо
Solera	Солера
Oloroso Solera	Олоросо Солера
Warre`s	Уорр`с
Fine	Файн
White	Уайт
Port	Порт
Warre`s Fine White Port	Уорр`с Файн Уайт Порт
Warre`s	Уорр`с
Otima	Отима
Tawny	Тони
Port	Порт
Warre`s Otima Tawny Port	Уорр`с Отима Тони Порт
Dry Riesling	Барон Филипп де Ротшильд Бордо Розе
Max's Garden	Нипоццано Кьянти Руфина Ризерва
Schrader	Нипоццано
LPV	Кьянти
Cabernet	Руфина
Sauvignon	Ризерва
Schrader LPV Cabernet Sauvignon	Нипоццано Кьянти Руфина Ризерва
Gevrey-Chambertin Premier Cru Clos-St Jacques	Шассань-Монраше Премье Крю Моржо Марки де Лягиш
Estate Chardonnay	Шассань-Монраше Премье Крю Моржо Марки де Лягиш
Beaune	Шассань-Монраше
Premier	Премье
Cru	Крю
Clos	Моржо
des	Марки
Rouge	Лягиш
Beaune Premier Cru Clos des Mouches Rouge	Шассань-Монраше Премье Крю Моржо Марки де Лягиш
Single de Samalens Years Old	Фонтегайа Неро Д'Авола
Volley Blue cmx cmx cm	Додичи Монтереджо Ризерва
Sauvignon Blanc	Додичи Монтереджо Ризерва
Prunella	Прунелла
Mandorlata	Мандорлата
Prunella Mandorlata	Прунелла Мандорлата
Penfolds	Пенфолдс
Bin	Бин
Cabernet	Каберне
Shiraz	Шираз
Penfolds Bin Cabernet Shiraz	Пенфолдс Бин Каберне Шираз
Graham's	Грэм'с
Six	Сикс
Grapes	Грейпс
Reserve	Резерв
Port	Порт
Graham's Six Grapes Reserve Port	Грэм'с Сикс Грейпс Резерв Порт
Oloroso	Олоросо
Solera	Солера
Oloroso Solera	Олоросо Солера
Warre`s	Уорр`с
Fine	Файн
White	Уайт
Port	Порт
Warre`s Fine White Port	Уорр`с Файн Уайт Порт
Warre`s	Уорр`с
Otima	Отима
Tawny	Тони
Port	Порт
Warre`s Otima Tawny Port	Уорр`с Отима Тони Порт
Warre's	Уорр'с
King's	Кинг'с
Tawny	Тони
Port	Порт
Warre's King's Tawny Port	Уорр'с Кинг'с Тони Порт
Dry Riesling	Барон Филипп де Ротшильд Бордо Розе
Max's Garden	Нипоццано Кьянти Руфина Ризерва
Schrader	Нипоццано
LPV	Кьянти
Cabernet	Руфина
Sauvignon	Ризерва
Schrader LPV Cabernet Sauvignon	Нипоццано Кьянти Руфина Ризерва
Gevrey-Chambertin Premier Cru Clos-St Jacques	Шассань-Монраше Премье Крю Моржо Марки де Лягиш
Estate Chardonnay	Шассань-Монраше Премье Крю Моржо Марки де Лягиш
Beaune	Шассань-Монраше
Premier	Премье
Cru	Крю
Clos	Моржо
des	Марки
Rouge	Лягиш
Beaune Premier Cru Clos des Mouches Rouge	Шассань-Монраше Премье Крю Моржо Марки де Лягиш
Single de Samalens Years Old	Фонтегайа Неро Д'Авола
Volley Blue cmx cmx cm	Додичи Монтереджо Ризерва
Sauvignon Blanc	Додичи Монтереджо Ризерва
Prunella	Прунелла
Mandorlata	Мандорлата
Prunella Mandorlata	Прунелла Мандорлата
Penfolds	Пенфолдс
Bin	Бин
Cabernet	Каберне
Shiraz	Шираз
Penfolds Bin Cabernet Shiraz	Пенфолдс Бин Каберне Шираз
Graham's	Грэм'с
Six	Сикс
Grapes	Грейпс
Reserve	Резерв
Port	Порт
Graham's Six Grapes Reserve Port	Грэм'с Сикс Грейпс Резерв Порт
Oloroso	Олоросо
Solera	Солера
Oloroso Solera	Олоросо Солера
Warre`s	Уорр`с
Fine	Файн
White	Уайт
Port	Порт
Warre`s Fine White Port	Уорр`с Файн Уайт Порт
Warre`s	Уорр`с
Otima	Отима
Tawny	Тони
Port	Порт
Warre`s Otima Tawny Port	Уорр`с Отима Тони Порт
Warre's	Уорр'с
King's	Кинг'с
Tawny	Тони
Port	Порт
Warre's King's Tawny Port	Уорр'с Кинг'с Тони Порт
Pinot	Пино
Noir	Нуар
Laurene	Лорен
Pinot Noir Laurene	Пино Нуар Лорен
Dry Riesling	Барон Филипп де Ротшильд Бордо Розе
Max's Garden	Нипоццано Кьянти Руфина Ризерва
Schrader	Нипоццано
LPV	Кьянти
Cabernet	Руфина
Sauvignon	Ризерва
Schrader LPV Cabernet Sauvignon	Нипоццано Кьянти Руфина Ризерва
Gevrey-Chambertin Premier Cru Clos-St Jacques	Шассань-Монраше Премье Крю Моржо Марки де Лягиш
Estate Chardonnay	Шассань-Монраше Премье Крю Моржо Марки де Лягиш
Beaune	Шассань-Монраше
Premier	Премье
Cru	Крю
Clos	Моржо
des	Марки
Rouge	Лягиш
Beaune Premier Cru Clos des Mouches Rouge	Шассань-Монраше Премье Крю Моржо Марки де Лягиш
Single de Samalens Years Old	Фонтегайа Неро Д'Авола
Volley Blue cmx cmx cm	Додичи Монтереджо Ризерва
Sauvignon Blanc	Додичи Монтереджо Ризерва
Prunella	Прунелла
Mandorlata	Мандорлата
Prunella Mandorlata	Прунелла Мандорлата
Penfolds	Пенфолдс
Bin	Бин
Cabernet	Каберне
Shiraz	Шираз
Penfolds Bin Cabernet Shiraz	Пенфолдс Бин Каберне Шираз
Graham's	Грэм'с
Six	Сикс
Grapes	Грейпс
Reserve	Резерв
Port	Порт
Graham's Six Grapes Reserve Port	Грэм'с Сикс Грейпс Резерв Порт
Oloroso	Олоросо
Solera	Солера
Oloroso Solera	Олоросо Солера
Warre`s	Уорр`с
Fine	Файн
White	Уайт
Port	Порт
Warre`s Fine White Port	Уорр`с Файн Уайт Порт
Warre`s	Уорр`с
Otima	Отима
Tawny	Тони
Port	Порт
Warre`s Otima Tawny Port	Уорр`с Отима Тони Порт
Warre's	Уорр'с
King's	Кинг'с
Tawny	Тони
Port	Порт
Warre's King's Tawny Port	Уорр'с Кинг'с Тони Порт
Pinot	Пино
Noir	Нуар
Laurene	Лорен
Pinot Noir Laurene	Пино Нуар Лорен
Chateau	Шато
Lynch-Bages	Линч-Баж
Chateau Lynch-Bages	Шато Линч-Баж
Dry Riesling	Барон Филипп де Ротшильд Бордо Розе
Max's Garden	Нипоццано Кьянти Руфина Ризерва
Schrader	Нипоццано
LPV	Кьянти
Cabernet	Руфина
Sauvignon	Ризерва
Schrader LPV Cabernet Sauvignon	Нипоццано Кьянти Руфина Ризерва
Gevrey-Chambertin Premier Cru Clos-St Jacques	Шассань-Монраше Премье Крю Моржо Марки де Лягиш
Estate Chardonnay	Шассань-Монраше Премье Крю Моржо Марки де Лягиш
Beaune	Шассань-Монраше
Premier	Премье
Cru	Крю
Clos	Моржо
des	Марки
Rouge	Лягиш
Beaune Premier Cru Clos des Mouches Rouge	Шассань-Монраше Премье Крю Моржо Марки де Лягиш
Single de Samalens Years Old	Фонтегайа Неро Д'Авола
Volley Blue cmx cmx cm	Додичи Монтереджо Ризерва
Sauvignon Blanc	Додичи Монтереджо Ризерва
Prunella	Прунелла
Mandorlata	Мандорлата
Prunella Mandorlata	Прунелла Мандорлата
Penfolds	Пенфолдс
Bin	Бин
Cabernet	Каберне
Shiraz	Шираз
Penfolds Bin Cabernet Shiraz	Пенфолдс Бин Каберне Шираз
Graham's	Грэм'с
Six	Сикс
Grapes	Грейпс
Reserve	Резерв
Port	Порт
Graham's Six Grapes Reserve Port	Грэм'с Сикс Грейпс Резерв Порт
Oloroso	Олоросо
Solera	Солера
Oloroso Solera	Олоросо Солера
Warre`s	Уорр`с
Fine	Файн
White	Уайт
Port	Порт
Warre`s Fine White Port	Уорр`с Файн Уайт Порт
Warre`s	Уорр`с
Otima	Отима
Tawny	Тони
Port	Порт
Warre`s Otima Tawny Port	Уорр`с Отима Тони Порт
Warre's	Уорр'с
King's	Кинг'с
Tawny	Тони
Port	Порт
Warre's King's Tawny Port	Уорр'с Кинг'с Тони Порт
Pinot	Пино
Noir	Нуар
Laurene	Лорен
Pinot Noir Laurene	Пино Нуар Лорен
Chateau	Шато
Lynch-Bages	Линч-Баж
Chateau Lynch-Bages	Шато Линч-Баж
Gavi	Гави
dei	дей
Gavi	Гави
Etichetta	Черная
Nera	Этикетка
Gavi dei Gavi Etichetta Nera	Гави дей Гави Черная Этикетка
